Journal title,Journal URL,ISSN (print),EISSN,Publisher,Country,Languages,Review process,Subjects,Keywords,APC,Has other fees,APC amount,Weeks to publication,Source,Verified on,Notes,Evidence URL
African Journal of Business and Finance,https://revues.imist.ma/index.php/AJBF,2820-7467,,hosted on revues.imist.ma (IMIST / CNRST),Morocco,,Peer review (policy stated on the journal site),,,No,No,,,revues.imist.ma-auto,2026-08-27,Automatic checks passed: ISSN found · peer-review statement · no fee wording · articles in the last 2 years.,https://revues.imist.ma/index.php/AJBF/about
African Journal of Dentistry & Implantology,https://revues.imist.ma/index.php/AJDI,2509-2057,,hosted on revues.imist.ma (IMIST / CNRST),Morocco,,Peer review (policy stated on the journal site),,,No,No,,,revues.imist.ma-auto,2026-08-27,Automatic checks passed: ISSN found · peer-review statement · no fee wording · articles in the last 2 years.,https://revues.imist.ma/index.php/AJDI/about
Alternatives Managériales & Economiques,https://revues.imist.ma/index.php/AME,2665-7511,,hosted on revues.imist.ma (IMIST / CNRST),Morocco,,Peer review (policy stated on the journal site),,,No,No,,,revues.imist.ma-auto,2026-08-27,Automatic checks passed: ISSN found · peer-review statement · no fee wording · articles in the last 2 years.,https://revues.imist.ma/index.php/AME/about
CONFLUENCE JOURNAL OF MULTIDISCIPLINARY STUDIES,https://journals.imist.ma/index.php/confluence,3085-5411,,hosted on journals.imist.ma (IMIST / CNRST),Morocco,,Peer review (policy stated on the journal site),,,No,No,,,journals.imist.ma-auto,2026-08-27,Automatic checks passed: ISSN found · peer-review statement · no fee wording · articles in the last 2 years.,https://journals.imist.ma/index.php/confluence/about
Economics and Management Review,https://revues.imist.ma/index.php/EMR,2820-7610,,hosted on revues.imist.ma (IMIST / CNRST),Morocco,,Peer review (policy stated on the journal site),,,No,No,,,revues.imist.ma-auto,2026-08-27,Automatic checks passed: ISSN found · peer-review statement · no fee wording · articles in the last 2 years.,https://revues.imist.ma/index.php/EMR/about
Ethique et Numérique,https://revues.imist.ma/index.php/Ethique-et-Numerique,2820-6835,,hosted on revues.imist.ma (IMIST / CNRST),Morocco,,Peer review (policy stated on the journal site),,,No,No,,,revues.imist.ma-auto,2026-08-27,Automatic checks passed: ISSN found · peer-review statement · no fee wording · articles in the last 2 years.,https://revues.imist.ma/index.php/Ethique-et-Numerique/about
Etudes Arabes et Islamiques,https://journals.imist.ma/index.php/arisl,2351-8375,3085-5535,hosted on journals.imist.ma (IMIST / CNRST),Morocco,,Peer review (policy stated on the journal site),,,No,No,,,journals.imist.ma-auto,2026-08-27,Automatic checks passed: ISSN found · peer-review statement · no fee wording · articles in the last 2 years.,https://journals.imist.ma/index.php/arisl/about
Finance & Finance Internationale,https://revues.imist.ma/index.php/FFI,2489-1290,,hosted on revues.imist.ma (IMIST / CNRST),Morocco,,Peer review (policy stated on the journal site),,,No,No,,,revues.imist.ma-auto,2026-08-27,Automatic checks passed: ISSN found · peer-review statement · no fee wording · articles in the last 2 years.,https://revues.imist.ma/index.php/FFI/about
Frontiers in Science and Engineering,https://revues.imist.ma/index.php/fsejournal,2028-7615,,hosted on revues.imist.ma (IMIST / CNRST),Morocco,,Peer review (policy stated on the journal site),,,No,No,,,revues.imist.ma-auto,2026-08-27,Automatic checks passed: ISSN found · peer-review statement · no fee wording · articles in the last 2 years.,https://revues.imist.ma/index.php/fsejournal/about
International Arab Journal of English for Specific Purposes,https://revues.imist.ma/index.php/IAJESP,2605-6658,2605-762X,hosted on revues.imist.ma (IMIST / CNRST),Morocco,,Peer review (policy stated on the journal site),,,No,No,,,revues.imist.ma-auto,2026-08-27,Automatic checks passed: ISSN found · peer-review statement · no fee wording · articles in the last 2 years.,https://revues.imist.ma/index.php/IAJESP/about
International Journal of Arabic Linguistics,https://revues.imist.ma/index.php/IJAL,2421-9835,,hosted on revues.imist.ma (IMIST / CNRST),Morocco,,Peer review (policy stated on the journal site),,,No,No,,,revues.imist.ma-auto,2026-08-27,Automatic checks passed: ISSN found · peer-review statement · no fee wording · articles in the last 2 years.,https://revues.imist.ma/index.php/IJAL/about
International Journal of Berber/Amazigh Research,https://journals.imist.ma/index.php/IJBAR,3009-5670,,hosted on journals.imist.ma (IMIST / CNRST),Morocco,,Peer review (policy stated on the journal site),,,No,No,,,journals.imist.ma-auto,2026-08-27,Automatic checks passed: ISSN found · peer-review statement · no fee wording · articles in the last 2 years.,https://journals.imist.ma/index.php/IJBAR/about
Journal Atae pour les études et la recherche,https://journals.imist.ma/index.php/Atae,5034-3009,,hosted on journals.imist.ma (IMIST / CNRST),Morocco,,Peer review (policy stated on the journal site),,,No,No,,,journals.imist.ma-auto,2026-08-27,Automatic checks passed: ISSN found · peer-review statement · no fee wording · articles in the last 2 years.,https://journals.imist.ma/index.php/Atae/about
Journal Marocain des Sciences Médicales,https://revues.imist.ma/index.php/JMSM,1113-5867,,hosted on revues.imist.ma (IMIST / CNRST),Morocco,,Peer review (policy stated on the journal site),,,No,No,,,revues.imist.ma-auto,2026-08-27,Automatic checks passed: ISSN found · peer-review statement · no fee wording · articles in the last 2 years.,https://revues.imist.ma/index.php/JMSM/about
Journal of Analytical Sciences and Applied Biotechnology,https://revues.imist.ma/index.php/JASAB,2665-8488,,hosted on revues.imist.ma (IMIST / CNRST),Morocco,,Peer review (policy stated on the journal site),,,No,No,,,revues.imist.ma-auto,2026-08-27,Automatic checks passed: ISSN found · peer-review statement · no fee wording · articles in the last 2 years.,https://revues.imist.ma/index.php/JASAB/about
Journal of Applied Language and Culture Studies,https://revues.imist.ma/index.php/JALCS,2605-7506,2605-7697,hosted on revues.imist.ma (IMIST / CNRST),Morocco,,Peer review (policy stated on the journal site),,,No,No,,,revues.imist.ma-auto,2026-08-27,Automatic checks passed: ISSN found · peer-review statement · no fee wording · articles in the last 2 years.,https://revues.imist.ma/index.php/JALCS/about
Journal of History and Heritage,https://journals.imist.ma/index.php/his-heritage,3119-687X,,hosted on journals.imist.ma (IMIST / CNRST),Morocco,,Peer review (policy stated on the journal site),,,No,No,,,journals.imist.ma-auto,2026-08-27,Automatic checks passed: ISSN found · peer-review statement · no fee wording · articles in the last 2 years.,https://journals.imist.ma/index.php/his-heritage/about
Journal of Innovation and Digital Health,https://journals.imist.ma/index.php/jidh,3009-5417,,hosted on journals.imist.ma (IMIST / CNRST),Morocco,,Peer review (policy stated on the journal site),,,No,No,,,journals.imist.ma-auto,2026-08-27,Automatic checks passed: ISSN found · peer-review statement · no fee wording · articles in the last 2 years.,https://journals.imist.ma/index.php/jidh/about
"La Revue Espace, Homme et Développement Durable",https://journals.imist.ma/index.php/REH2D,2820-7572,3085-5187,hosted on journals.imist.ma (IMIST / CNRST),Morocco,,Peer review (policy stated on the journal site),,,No,No,,,journals.imist.ma-auto,2026-08-27,Automatic checks passed: ISSN found · peer-review statement · no fee wording · articles in the last 2 years.,https://journals.imist.ma/index.php/REH2D/about
La Revue Linguist,https://journals.imist.ma/index.php/linguist,2665-7406,2737-8586,hosted on journals.imist.ma (IMIST / CNRST),Morocco,,Peer review (policy stated on the journal site),,,No,No,,,journals.imist.ma-auto,2026-08-27,Automatic checks passed: ISSN found · peer-review statement · no fee wording · articles in the last 2 years.,https://journals.imist.ma/index.php/linguist/about
"La revue Littératures, Arts, Religions, Théologie, Éducation, Philosophie et Société",https://journals.imist.ma/index.php/LARTEPS,3119-6594,,hosted on journals.imist.ma (IMIST / CNRST),Morocco,,Peer review (policy stated on the journal site),,,No,No,,,journals.imist.ma-auto,2026-08-27,Automatic checks passed: ISSN found · peer-review statement · no fee wording · articles in the last 2 years.,https://journals.imist.ma/index.php/LARTEPS/about
La revue électronique de recherche juridique,https://revues.imist.ma/index.php/RERJ,7476-2605,,hosted on revues.imist.ma (IMIST / CNRST),Morocco,,Peer review (policy stated on the journal site),,,No,No,,,revues.imist.ma-auto,2026-08-27,Automatic checks passed: ISSN found · peer-review statement · no fee wording · articles in the last 2 years.,https://revues.imist.ma/index.php/RERJ/about
"La revue, Mediterranean Migration & Medias",https://journals.imist.ma/index.php/3M,3009-559X,,hosted on journals.imist.ma (IMIST / CNRST),Morocco,,Peer review (policy stated on the journal site),,,No,No,,,journals.imist.ma-auto,2026-08-27,Automatic checks passed: ISSN found · peer-review statement · no fee wording · articles in the last 2 years.,https://journals.imist.ma/index.php/3M/about
Langues Formation Education,https://revues.imist.ma/index.php/LFE,2820-7645,,hosted on revues.imist.ma (IMIST / CNRST),Morocco,,Peer review (policy stated on the journal site),,,No,No,,,revues.imist.ma-auto,2026-08-27,Automatic checks passed: ISSN found · peer-review statement · no fee wording · articles in the last 2 years.,https://revues.imist.ma/index.php/LFE/about
Les Cahiers du Plan,https://revues.imist.ma/index.php/Cahiers-du-plan,1114-8411,3009-5212,hosted on revues.imist.ma (IMIST / CNRST),Morocco,,Peer review (policy stated on the journal site),,,No,No,,,revues.imist.ma-auto,2026-08-27,Automatic checks passed: ISSN found · peer-review statement · no fee wording · articles in the last 2 years.,https://revues.imist.ma/index.php/Cahiers-du-plan/about
"Littérature, Art et Langue",https://journals.imist.ma/index.php/RLAL,2665-8593,3085-5160,hosted on journals.imist.ma (IMIST / CNRST),Morocco,,Peer review (policy stated on the journal site),,,No,No,,,journals.imist.ma-auto,2026-08-27,Automatic checks passed: ISSN found · peer-review statement · no fee wording · articles in the last 2 years.,https://journals.imist.ma/index.php/RLAL/about
L’Archétype,https://revues.imist.ma/index.php/archetype,2820-767X,,hosted on revues.imist.ma (IMIST / CNRST),Morocco,,Peer review (policy stated on the journal site),,,No,No,,,revues.imist.ma-auto,2026-08-27,Automatic checks passed: ISSN found · peer-review statement · no fee wording · articles in the last 2 years.,https://revues.imist.ma/index.php/archetype/about
Majalat Monazaat Al-Aamal,https://revues.imist.ma/index.php/Contentieux-Affaires,2508-9293,,hosted on revues.imist.ma (IMIST / CNRST),Morocco,,Peer review (policy stated on the journal site),,,No,No,,,revues.imist.ma-auto,2026-08-27,Automatic checks passed: ISSN found · peer-review statement · no fee wording · articles in the last 2 years.,https://revues.imist.ma/index.php/Contentieux-Affaires/about
MOROCCAN BUSINESS REVIEW RESEARCH,https://revues.imist.ma/index.php/MB2R,2820-6940,,hosted on revues.imist.ma (IMIST / CNRST),Morocco,,Peer review (policy stated on the journal site),,,No,No,,,revues.imist.ma-auto,2026-08-27,Automatic checks passed: ISSN found · peer-review statement · no fee wording · articles in the last 2 years.,https://revues.imist.ma/index.php/MB2R/about
Moroccan Journal of Public Heath,https://revues.imist.ma/index.php/MJPH,2658-8099,,hosted on revues.imist.ma (IMIST / CNRST),Morocco,,Peer review (policy stated on the journal site),,,No,No,,,revues.imist.ma-auto,2026-08-27,Automatic checks passed: ISSN found · peer-review statement · no fee wording · articles in the last 2 years.,https://revues.imist.ma/index.php/MJPH/about
PODIUM OF SPORT SCIENCES,https://revues.imist.ma/index.php/PODIUM,2820-7564,,hosted on revues.imist.ma (IMIST / CNRST),Morocco,,Peer review (policy stated on the journal site),,,No,No,,,revues.imist.ma-auto,2026-08-27,Automatic checks passed: ISSN found · peer-review statement · no fee wording · articles in the last 2 years.,https://revues.imist.ma/index.php/PODIUM/about
"Repères Littéraires, Langagiers et Artistiques",https://revues.imist.ma/index.php/Relilart,2737-8802,,hosted on revues.imist.ma (IMIST / CNRST),Morocco,,Peer review (policy stated on the journal site),,,No,No,,,revues.imist.ma-auto,2026-08-27,Automatic checks passed: ISSN found · peer-review statement · no fee wording · articles in the last 2 years.,https://revues.imist.ma/index.php/Relilart/about
Revue  Enseignements Transversaux,https://journals.imist.ma/index.php/ET,3085-4962,,hosted on journals.imist.ma (IMIST / CNRST),Morocco,,Peer review (policy stated on the journal site),,,No,No,,,journals.imist.ma-auto,2026-08-27,Automatic checks passed: ISSN found · peer-review statement · no fee wording · articles in the last 2 years.,https://journals.imist.ma/index.php/ET/about
Revue Brochures Educatives,https://journals.imist.ma/index.php/korasat,2508-9234,,hosted on journals.imist.ma (IMIST / CNRST),Morocco,,Peer review (policy stated on the journal site),,,No,No,,,journals.imist.ma-auto,2026-08-27,Automatic checks passed: ISSN found · peer-review statement · no fee wording · articles in the last 2 years.,https://journals.imist.ma/index.php/korasat/about
Revue de Management et Cultures,https://revues.imist.ma/index.php/REMAC,2550-6293,,hosted on revues.imist.ma (IMIST / CNRST),Morocco,,Peer review (policy stated on the journal site),,,No,No,,,revues.imist.ma-auto,2026-08-27,Automatic checks passed: ISSN found · peer-review statement · no fee wording · articles in the last 2 years.,https://revues.imist.ma/index.php/REMAC/about
"Revue des Études Juridiques, Spatiales et de Développement",https://journals.imist.ma/index.php/REJSD,3085-5519,,hosted on journals.imist.ma (IMIST / CNRST),Morocco,,Peer review (policy stated on the journal site),,,No,No,,,journals.imist.ma-auto,2026-08-27,Automatic checks passed: ISSN found · peer-review statement · no fee wording · articles in the last 2 years.,https://journals.imist.ma/index.php/REJSD/about
Revue Dossiers De Recherches en Économie Et Management Des Organisations,https://journals.imist.ma/index.php/DREMO,2550-3731,,hosted on journals.imist.ma (IMIST / CNRST),Morocco,,Peer review (policy stated on the journal site),,,No,No,,,journals.imist.ma-auto,2026-08-27,Automatic checks passed: ISSN found · peer-review statement · no fee wording · articles in the last 2 years.,https://journals.imist.ma/index.php/DREMO/about
Revue Etudes Langue et Littérature,https://journals.imist.ma/index.php/languelitterature,2351-8367,3085-5217,hosted on journals.imist.ma (IMIST / CNRST),Morocco,,Peer review (policy stated on the journal site),,,No,No,,,journals.imist.ma-auto,2026-08-27,Automatic checks passed: ISSN found · peer-review statement · no fee wording · articles in the last 2 years.,https://journals.imist.ma/index.php/languelitterature/about
Revue Filigranes,https://journals.imist.ma/index.php/filigranes,2820-7726,,hosted on journals.imist.ma (IMIST / CNRST),Morocco,,Peer review (policy stated on the journal site),,,No,No,,,journals.imist.ma-auto,2026-08-27,Automatic checks passed: ISSN found · peer-review statement · no fee wording · articles in the last 2 years.,https://journals.imist.ma/index.php/filigranes/about
"Revue interdisciplinaire en langues, communication, société et ingénierie de la formation",https://journals.imist.ma/index.php/CLEFS,3119-6535,,hosted on journals.imist.ma (IMIST / CNRST),Morocco,,Peer review (policy stated on the journal site),,,No,No,,,journals.imist.ma-auto,2026-08-27,Automatic checks passed: ISSN found · peer-review statement · no fee wording · articles in the last 2 years.,https://journals.imist.ma/index.php/CLEFS/about
"Revue Internationale de Management, Droit et Société",https://journals.imist.ma/index.php/irmals,3156-9641,,hosted on journals.imist.ma (IMIST / CNRST),Morocco,,Peer review (policy stated on the journal site),,,No,No,,,journals.imist.ma-auto,2026-08-27,Automatic checks passed: ISSN found · peer-review statement · no fee wording · articles in the last 2 years.,https://journals.imist.ma/index.php/irmals/about
Revue Linguistique et Référentiels Interculturels,https://revues.imist.ma/index.php/LIRI,2658-9206,,hosted on revues.imist.ma (IMIST / CNRST),Morocco,,Peer review (policy stated on the journal site),,,No,No,,,revues.imist.ma-auto,2026-08-27,Automatic checks passed: ISSN found · peer-review statement · no fee wording · articles in the last 2 years.,https://revues.imist.ma/index.php/LIRI/about
Revue Marocaine de Didactique et Pédagogie,https://revues.imist.ma/index.php/ReMaDiP,2737-8063,,hosted on revues.imist.ma (IMIST / CNRST),Morocco,,Peer review (policy stated on the journal site),,,No,No,,,revues.imist.ma-auto,2026-08-27,Automatic checks passed: ISSN found · peer-review statement · no fee wording · articles in the last 2 years.,https://revues.imist.ma/index.php/ReMaDiP/about
Revue Marocaine de Droit Public Financier,https://journals.imist.ma/index.php/RMDPF,3156-9676,,hosted on journals.imist.ma (IMIST / CNRST),Morocco,,Peer review (policy stated on the journal site),,,No,No,,,journals.imist.ma-auto,2026-08-27,Automatic checks passed: ISSN found · peer-review statement · no fee wording · articles in the last 2 years.,https://journals.imist.ma/index.php/RMDPF/about
Revue Marocaine de la Recherche Géographique,https://journals.imist.ma/index.php/RMRG,2737-8136,,hosted on journals.imist.ma (IMIST / CNRST),Morocco,,Peer review (policy stated on the journal site),,,No,No,,,journals.imist.ma-auto,2026-08-27,Automatic checks passed: ISSN found · peer-review statement · no fee wording · articles in the last 2 years.,https://journals.imist.ma/index.php/RMRG/about
Revue Marocaine de l’Évaluation et de la Recherche Educative,https://revues.imist.ma/index.php/RMERE,2550-5688,2658-9079,hosted on revues.imist.ma (IMIST / CNRST),Morocco,,Peer review (policy stated on the journal site),,,No,No,,,revues.imist.ma-auto,2026-08-27,Automatic checks passed: ISSN found · peer-review statement · no fee wording · articles in the last 2 years.,https://revues.imist.ma/index.php/RMERE/about
Revue Marocaine de Médecine Physique et de Réadaptation,https://journals.imist.ma/index.php/R2MPR,3009-5549,,hosted on journals.imist.ma (IMIST / CNRST),Morocco,,Peer review (policy stated on the journal site),,,No,No,,,journals.imist.ma-auto,2026-08-27,Automatic checks passed: ISSN found · peer-review statement · no fee wording · articles in the last 2 years.,https://journals.imist.ma/index.php/R2MPR/about
Revue Marocaine de Santé Publique,https://revues.imist.ma/index.php/RMSP,2351-8472,,hosted on revues.imist.ma (IMIST / CNRST),Morocco,,Peer review (policy stated on the journal site),,,No,No,,,revues.imist.ma-auto,2026-08-27,Automatic checks passed: ISSN found · peer-review statement · no fee wording · articles in the last 2 years.,https://revues.imist.ma/index.php/RMSP/about
Revue Marocaine des Sciences de Management,https://revues.imist.ma/index.php/RMSM,2028-8840,,hosted on revues.imist.ma (IMIST / CNRST),Morocco,,Peer review (policy stated on the journal site),,,No,No,,,revues.imist.ma-auto,2026-08-27,Automatic checks passed: ISSN found · peer-review statement · no fee wording · articles in the last 2 years.,https://revues.imist.ma/index.php/RMSM/about
Revue Marocaine d’Economie et de Droit Comparé,https://revues.imist.ma/index.php/RMEDC,0851-6073,,hosted on revues.imist.ma (IMIST / CNRST),Morocco,,Peer review (policy stated on the journal site),,,No,No,,,revues.imist.ma-auto,2026-08-27,Automatic checks passed: ISSN found · peer-review statement · no fee wording · articles in the last 2 years.,https://revues.imist.ma/index.php/RMEDC/about
Revue Takwine des études éducatives et des recherches de l'innovation pédagogique,https://journals.imist.ma/index.php/takwine,3009-5387,3009-5476,hosted on journals.imist.ma (IMIST / CNRST),Morocco,,Peer review (policy stated on the journal site),,,No,No,,,journals.imist.ma-auto,2026-08-27,Automatic checks passed: ISSN found · peer-review statement · no fee wording · articles in the last 2 years.,https://journals.imist.ma/index.php/takwine/about
Revue Territoire et développement,https://journals.imist.ma/index.php/TerritoireDeveloppement,3119-6284,,hosted on journals.imist.ma (IMIST / CNRST),Morocco,,Peer review (policy stated on the journal site),,,No,No,,,journals.imist.ma-auto,2026-08-27,Automatic checks passed: ISSN found · peer-review statement · no fee wording · articles in the last 2 years.,https://journals.imist.ma/index.php/TerritoireDeveloppement/about
Revue Turjumān,https://revues.imist.ma/index.php/Turjuman,1113-1292,,hosted on revues.imist.ma (IMIST / CNRST),Morocco,,Peer review (policy stated on the journal site),,,No,No,,,revues.imist.ma-auto,2026-08-27,Automatic checks passed: ISSN found · peer-review statement · no fee wording · articles in the last 2 years.,https://revues.imist.ma/index.php/Turjuman/about
RHAZES,https://revues.imist.ma/index.php/RHAZES,2605-6895,,hosted on revues.imist.ma (IMIST / CNRST),Morocco,,Peer review (policy stated on the journal site),,,No,No,,,revues.imist.ma-auto,2026-08-27,Automatic checks passed: ISSN found · peer-review statement · no fee wording · articles in the last 2 years.,https://revues.imist.ma/index.php/RHAZES/about
Soft Skills & Didactique des Langues,https://revues.imist.ma/index.php/SSDL,2737-8519,,hosted on revues.imist.ma (IMIST / CNRST),Morocco,,Peer review (policy stated on the journal site),,,No,No,,,revues.imist.ma-auto,2026-08-27,Automatic checks passed: ISSN found · peer-review statement · no fee wording · articles in the last 2 years.,https://revues.imist.ma/index.php/SSDL/about
"Tamyīz, Journal of History of Scientific and Philosophical Ideas",https://journals.imist.ma/index.php/Tamyiz,3009-5603,,hosted on journals.imist.ma (IMIST / CNRST),Morocco,,Peer review (policy stated on the journal site),,,No,No,,,journals.imist.ma-auto,2026-08-27,Automatic checks passed: ISSN found · peer-review statement · no fee wording · articles in the last 2 years.,https://journals.imist.ma/index.php/Tamyiz/about
"The International Journal of Arts, Culture and Technology",https://journals.imist.ma/index.php/IJACT,3119-6829,,hosted on journals.imist.ma (IMIST / CNRST),Morocco,,Peer review (policy stated on the journal site),,,No,No,,,journals.imist.ma-auto,2026-08-27,Automatic checks passed: ISSN found · peer-review statement · no fee wording · articles in the last 2 years.,https://journals.imist.ma/index.php/IJACT/about
The International Journal of Universal Design and Universal Design for Learning,https://journals.imist.ma/index.php/IJUDUDL,3119-6055,,hosted on journals.imist.ma (IMIST / CNRST),Morocco,,Peer review (policy stated on the journal site),,,No,No,,,journals.imist.ma-auto,2026-08-27,Automatic checks passed: ISSN found · peer-review statement · no fee wording · articles in the last 2 years.,https://journals.imist.ma/index.php/IJUDUDL/about
"The Policies, Administration and Markets Journal",https://journals.imist.ma/index.php/PAMJ,3085-5233,,hosted on journals.imist.ma (IMIST / CNRST),Morocco,,Peer review (policy stated on the journal site),,,No,No,,,journals.imist.ma-auto,2026-08-27,Automatic checks passed: ISSN found · peer-review statement · no fee wording · articles in the last 2 years.,https://journals.imist.ma/index.php/PAMJ/about
Transformations Éducatives,https://journals.imist.ma/index.php/Transformations-Educatives,3085-4547,,hosted on journals.imist.ma (IMIST / CNRST),Morocco,,Peer review (policy stated on the journal site),,,No,No,,,journals.imist.ma-auto,2026-08-27,Automatic checks passed: ISSN found · peer-review statement · no fee wording · articles in the last 2 years.,https://journals.imist.ma/index.php/Transformations-Educatives/about
النداء التربوي,https://revues.imist.ma/index.php/ANIDAE-TARBAWI,1113-9579,,hosted on revues.imist.ma (IMIST / CNRST),Morocco,,Peer review (policy stated on the journal site),,,No,No,,,revues.imist.ma-auto,2026-08-27,Automatic checks passed: ISSN found · peer-review statement · no fee wording · articles in the last 2 years.,https://revues.imist.ma/index.php/ANIDAE-TARBAWI/about
جسور,https://revues.imist.ma/index.php/Joussour,2458-7230,,hosted on revues.imist.ma (IMIST / CNRST),Morocco,,Peer review (policy stated on the journal site),,,No,No,,,revues.imist.ma-auto,2026-08-27,Automatic checks passed: ISSN found · peer-review statement · no fee wording · articles in the last 2 years.,https://revues.imist.ma/index.php/Joussour/about
مجلة الاستناد,https://revues.imist.ma/index.php/Istinad,2028-9979,3009-5247,hosted on revues.imist.ma (IMIST / CNRST),Morocco,,Peer review (policy stated on the journal site),,,No,No,,,revues.imist.ma-auto,2026-08-27,Automatic checks passed: ISSN found · peer-review statement · no fee wording · articles in the last 2 years.,https://revues.imist.ma/index.php/Istinad/about
مجلة الشؤون الجنائية والحكامة الأمنية,https://revues.imist.ma/index.php/RAPGS,2737-8233,,hosted on revues.imist.ma (IMIST / CNRST),Morocco,,Peer review (policy stated on the journal site),,,No,No,,,revues.imist.ma-auto,2026-08-27,Automatic checks passed: ISSN found · peer-review statement · no fee wording · articles in the last 2 years.,https://revues.imist.ma/index.php/RAPGS/about
مجلة العلوم القانونية,https://journals.imist.ma/index.php/LegalSciences,3119-6748,,hosted on journals.imist.ma (IMIST / CNRST),Morocco,,Peer review (policy stated on the journal site),,,No,No,,,journals.imist.ma-auto,2026-08-27,Automatic checks passed: ISSN found · peer-review statement · no fee wording · articles in the last 2 years.,https://journals.imist.ma/index.php/LegalSciences/about
مجلة كلية الشريعة-أكادير,https://journals.imist.ma/index.php/chariaa,3119-6217,,hosted on journals.imist.ma (IMIST / CNRST),Morocco,,Peer review (policy stated on the journal site),,,No,No,,,journals.imist.ma-auto,2026-08-27,Automatic checks passed: ISSN found · peer-review statement · no fee wording · articles in the last 2 years.,https://journals.imist.ma/index.php/chariaa/about
